{
    "id": "f09f8da1-6111-4ca0-8f49-294a76c65115",
    "name": "Fixable CVSS >= 7",
    "description": "Alert on deployments with fixable vulnerabilities with a CVSS of at least 7",
    "severity": "HIGH_SEVERITY",
    "lifecycle_stages": [
      "BUILD",
      "DEPLOY"
    ],
    "categories": [
      "Vulnerability Management"
    ],
    "enforcementActions": [
    ],
    "fields": {
      "cvss": {
        "op": "GREATER_THAN_OR_EQUALS",
        "value": 7
      },
      "fixedBy": ".*"
    },
    "rationale": "Known vulnerabilities make it easier for adversaries to exploit your application. You can fix these high-severity vulnerabilities by updating to a newer version of the affected component(s).",
    "remediation": "Use your package manager to update to a fixed version in future builds or speak with your security team to mitigate the vulnerabilities."
  }